doron-meir-06050189,naama-zur-768466181
doron-meir-06050189,liel-green-544b19156
doron-meir-06050189,shir-bernstein-0b6300146
doron-meir-06050189,alejandro-ohlbaum-793b4750
doron-meir-06050189,betty-mymaran
doron-meir-06050189,rotem-sasporta-b8325319
doron-meir-06050189,uzi-sugavi-8651a544
doron-meir-06050189,shani-harel-david-62817817b
doron-meir-06050189,hadar-picciotto-%E2%98%85-im-hiring%E2%98%85-252785181
doron-meir-06050189,elyasaf-gershon-97247791
doron-meir-06050189,nitzan-aviv%E2%9C%AA-i-m-hiring-a9665716a
doron-meir-06050189,bar-gal-570a70131
doron-meir-06050189,rann-lifshitz-78b53727
doron-meir-06050189,kosta-press-485a6089
doron-meir-06050189,ruth-freiman-%D6%8Di-m-hiring%D6%8D-b27688b9
doron-meir-06050189,sabine-sterk-69758b2
doron-meir-06050189,golan-dahan-08a733127
doron-meir-06050189,chani-hans-3149b714b
doron-meir-06050189,lihi-ben-achdut-b67660105
doron-meir-06050189,shiran-gutfroind-08b05154
doron-meir-06050189,alon-shalev
doron-meir-06050189,silvina-oz-esterowitz-445617104
doron-meir-06050189,irit-zriker-631a44b7
doron-meir-06050189,benjaminelkrieff
doron-meir-06050189,sagishoshan
doron-meir-06050189,alexandrmatsievsky
doron-meir-06050189,moran-shay-23654537
doron-meir-06050189,smadar-dalal-933774175
doron-meir-06050189,shahaf-shavit-a6904a88
doron-meir-06050189,adi-mashiah-2721b1139
doron-meir-06050189,nitzan-mazor-125a3534
doron-meir-06050189,adi-schwartz-b4375688
doron-meir-06050189,amedvedeva
doron-meir-06050189,dikla-kaizer-804a3aab
doron-meir-06050189,naama-mitsenmacher-263a22117
doron-meir-06050189,iritmalka
doron-meir-06050189,linoy-roash-%E2%98%85i-m-hiring%E2%98%85-b347ba172
doron-meir-06050189,irit-gittelman-b61613100
doron-meir-06050189,michalgoldberg1
doron-meir-06050189,dror-sabo-0827655
